INV_name	STUDY_name	ASSAY_name	COND_name	SAMP_id	SAMP_sid	SAMP_name	SAMP_PlateWell	SAMP_type	SAMP_ReagentKit	SAMP_subd	SAMP_Bioa	SAMP_Bad	SAMP_Status	RULA_Run	RULA_Lane	RULA_Barcode	RULA_Status	RULA_Geometry	RULA_RTA	RULA_HCS	TRAK_N
DKTS-hiPSCCM-ERRagKO-atacseq	Main	ATAC-Seq	WT	97135	1	Cont1 ATAC		ATAC-Seq Library		2020-02-06	NULL	0	QC	NULL	NULL	TAAGGCGACTCTCTAT	++++	NULL	NULL	NULL	0
DKTS-hiPSCCM-ERRagKO-atacseq	Main	ATAC-Seq	WT	97136	2	Cont2 ATAC		ATAC-Seq Library		2020-02-06	NULL	0	QC	NULL	NULL	CGTACTAGTATCCTCT	++++	NULL	NULL	NULL	0
DKTS-hiPSCCM-ERRagKO-atacseq	Main	ATAC-Seq	ERRagKO1	97137	3	KO1-1 ATAC		ATAC-Seq Library		2020-02-06	NULL	0	QC	NULL	NULL	GGACTCCTAGAGTAGA	++++	NULL	NULL	NULL	0
DKTS-hiPSCCM-ERRagKO-atacseq	Main	ATAC-Seq	ERRagKO1	97138	4	KO1-2 ATAC		ATAC-Seq Library		2020-02-06	NULL	0	QC	NULL	NULL	TAGGCATGTATCCTCT	++++	NULL	NULL	NULL	0
DKTS-hiPSCCM-ERRagKO-atacseq	Main	ATAC-Seq	ERRagKO2	97139	5	KO6-1 ATAC		ATAC-Seq Library		2020-02-06	NULL	0	QC	NULL	NULL	AGGCAGAAAGAGTAGA	++++	NULL	NULL	NULL	0
DKTS-hiPSCCM-ERRagKO-atacseq	Main	ATAC-Seq	ERRagKO2	97140	6	KO6-2 ATAC		ATAC-Seq Library		2020-02-06	NULL	0	QC	NULL	NULL	TCCTGAGCGCGTAAGA	++++	NULL	NULL	NULL	0
DKTS-hiPSCCM-ERRagKO-atacseq	Main	ATAC-Seq	WT	97779	1	Cont1_ATAC_v2		ATAC-Seq Library		2020-03-06	NULL	0	PLAN	FGC2130	1	TAAGGCGACTCTCTAT	++++	NovaSeq:SP:A01147/51x8x8x51/50PE	v3.4.4	1.5.6.1074	0
DKTS-hiPSCCM-ERRagKO-atacseq	Main	ATAC-Seq	WT	97779	1	Cont1_ATAC_v2		ATAC-Seq Library		2020-03-06	NULL	0	PLAN	FGC2130	2	TAAGGCGACTCTCTAT	++++	NovaSeq:SP:A01147/51x8x8x51/50PE	v3.4.4	1.5.6.1074	0
DKTS-hiPSCCM-ERRagKO-atacseq	Main	ATAC-Seq	WT	97780	2	Cont2_ATAC_v2		ATAC-Seq Library		2020-03-06	NULL	0	PLAN	FGC2130	1	CGTACTAGTATCCTCT	++++	NovaSeq:SP:A01147/51x8x8x51/50PE	v3.4.4	1.5.6.1074	0
DKTS-hiPSCCM-ERRagKO-atacseq	Main	ATAC-Seq	WT	97780	2	Cont2_ATAC_v2		ATAC-Seq Library		2020-03-06	NULL	0	PLAN	FGC2130	2	CGTACTAGTATCCTCT	++++	NovaSeq:SP:A01147/51x8x8x51/50PE	v3.4.4	1.5.6.1074	0
DKTS-hiPSCCM-ERRagKO-atacseq	Main	ATAC-Seq	ERRagKO1	97781	3	KO1-1_ATAC_v2		ATAC-Seq Library		2020-03-06	NULL	0	PLAN	FGC2130	1	GGACTCCTCTCTCTAT	++++	NovaSeq:SP:A01147/51x8x8x51/50PE	v3.4.4	1.5.6.1074	0
DKTS-hiPSCCM-ERRagKO-atacseq	Main	ATAC-Seq	ERRagKO1	97781	3	KO1-1_ATAC_v2		ATAC-Seq Library		2020-03-06	NULL	0	PLAN	FGC2130	2	GGACTCCTCTCTCTAT	++++	NovaSeq:SP:A01147/51x8x8x51/50PE	v3.4.4	1.5.6.1074	0
DKTS-hiPSCCM-ERRagKO-atacseq	Main	ATAC-Seq	ERRagKO1	97782	4	KO1-2_ATAC_v2		ATAC-Seq Library		2020-03-06	NULL	0	PLAN	FGC2130	1	TAGGCATGTATCCTCT	++++	NovaSeq:SP:A01147/51x8x8x51/50PE	v3.4.4	1.5.6.1074	0
DKTS-hiPSCCM-ERRagKO-atacseq	Main	ATAC-Seq	ERRagKO1	97782	4	KO1-2_ATAC_v2		ATAC-Seq Library		2020-03-06	NULL	0	PLAN	FGC2130	2	TAGGCATGTATCCTCT	++++	NovaSeq:SP:A01147/51x8x8x51/50PE	v3.4.4	1.5.6.1074	0
DKTS-hiPSCCM-ERRagKO-atacseq	Main	ATAC-Seq	ERRagKO2	97783	5	KO6-1_ATAC_v2		ATAC-Seq Library		2020-03-06	NULL	0	PLAN	FGC2130	1	AGGCAGAAAGAGTAGA	++++	NovaSeq:SP:A01147/51x8x8x51/50PE	v3.4.4	1.5.6.1074	0
DKTS-hiPSCCM-ERRagKO-atacseq	Main	ATAC-Seq	ERRagKO2	97783	5	KO6-1_ATAC_v2		ATAC-Seq Library		2020-03-06	NULL	0	PLAN	FGC2130	2	AGGCAGAAAGAGTAGA	++++	NovaSeq:SP:A01147/51x8x8x51/50PE	v3.4.4	1.5.6.1074	0
DKTS-hiPSCCM-ERRagKO-atacseq	Main	ATAC-Seq	ERRagKO2	97784	6	KO6-2_ATAC_v2		ATAC-Seq Library		2020-03-06	NULL	0	PLAN	FGC2130	1	TCCTGAGCGCGTAAGA	++++	NovaSeq:SP:A01147/51x8x8x51/50PE	v3.4.4	1.5.6.1074	0
DKTS-hiPSCCM-ERRagKO-atacseq	Main	ATAC-Seq	ERRagKO2	97784	6	KO6-2_ATAC_v2		ATAC-Seq Library		2020-03-06	NULL	0	PLAN	FGC2130	2	TCCTGAGCGCGTAAGA	++++	NovaSeq:SP:A01147/51x8x8x51/50PE	v3.4.4	1.5.6.1074	0
